object_id,redshift,distance_modulus,distance_modulus_err
2011fe,0.00122,28.9987,1.51645
2011fe,0.00122,29.0559,1.51747
2012cg,0.00256,30.7233,0.782372
2012cg,0.00256,30.7449,0.799068
1994DRichmond,0.00299,30.7757,0.881212
1981B,0.0035,30.7946,0.614535
2013aa,0.00478,30.4604,0.594683
2013aa,0.00478,30.5528,0.580251
2017cbv,0.00478,30.4013,0.578445
2017cbv,0.00478,30.5107,0.578546
2001el,0.00357,31.5011,0.591006
2011by,0.00369,31.7933,0.55272
1998aq,0.00369,31.4967,0.545492
1990N,0.00462,31.6969,0.550993
2021pit,0.00366,30.9999,0.566505
2005df,0.00435,31.3933,0.476404
2005df_ANU,0.00435,31.3779,0.479276
2013dy,0.00293,31.499,0.514259
2013dy,0.00293,31.5611,0.530838
2012ht,0.00465,31.9309,0.442017
2012ht,0.00465,32.033,0.420403
1980N,0.0046,31.2476,0.558603
2012fr,0.0046,31.1331,0.446882
2007on,0.0046,31.6525,0.564724
2012fr,0.0046,31.2234,0.410577
1992A,0.0046,31.34,0.562589
2007on,0.0046,31.7635,0.574442
2015F,0.00515,31.4473,0.448264
2015F,0.00515,31.539,0.407028
2011B,0.00458,31.6512,0.514401
2018aoz,0.00701,31.7282,0.501431
2016coj,0.00489,31.9117,0.469628
SN2016coj,0.00489,31.8985,0.483668
2007sr,0.0066,31.6799,0.375913
2007sr,0.0066,31.6292,0.385756
2007gi,0.00505,31.7403,0.491367
1994ae,0.0054,32.1822,0.339643
2015bp,0.00603,32.4685,0.487055
2018gv,0.00596,31.9404,0.344335
2018gv,0.00596,32.0666,0.343707
2018gv,0.00596,31.9102,0.350249
1981D,0.00551,30.9079,0.524992
2006dd,0.00551,31.1857,0.452235
2007af,0.00635,32.0667,0.32593
2007af,0.00635,32.0023,0.36156
2007af,0.00635,32.0999,0.322811
2007af,0.00635,32.0337,0.339166
2007le,0.00552,32.0754,0.533991
2007le,0.00552,32.0843,0.537335
2007le,0.00552,32.0203,0.538159
1998dm,0.00567,32.8333,0.562902
2014bv,0.00548,32.4001,0.482567
2019np,0.0055,32.4608,0.318474
2019np,0.0055,32.4338,0.32229
1997br,0.00801,31.7321,0.531169
2011iv,0.00594,31.2217,0.420706
1995al,0.00592,32.3593,0.359446
1996X,0.00812,31.9733,0.415464
2017erp,0.00727,32.1951,0.34053
2017erp,0.00727,32.1729,0.371125
2017erp,0.00727,32.2048,0.34795
1992G,0.00611,32.4405,0.439634
2005cf,0.00703,32.3193,0.325586
2005cf,0.00703,32.3327,0.348317
2005cf,0.00703,32.3221,0.322655
2002fk,0.00668,32.4423,0.300309
2002fk,0.00668,32.4642,0.300269
2003du,0.00664,32.7943,0.289134
2003du,0.00664,32.7423,0.294759
2003du,0.00664,32.7685,0.292411
2008Q,0.00722,32.3312,0.373843
2008Q,0.00722,32.2998,0.396652
2003kf,0.00769,32.6418,0.362719
1998dh,0.00769,32.7164,0.317031
1998dh,0.00769,32.6151,0.317457
2012hr,0.00788,32.7092,0.367554
2009ig,0.00801,32.3711,0.371926
2009ig,0.00801,32.7434,0.280148
2009ig,0.00801,32.6707,0.286975
1996Z,0.00867,32.4455,0.490787
1995D,0.0078,32.484,0.342662
1991M,0.00758,33.2138,0.462834
2013gh,0.00775,32.521,0.465611
2013gh,0.00775,32.6922,0.484865
2001bg,0.00796,32.6928,0.359218
2005W,0.00861,32.852,0.318032
ASASSN-15so,0.00773,32.7527,0.26758
PSNJ0717457,0.00812,32.7223,0.383433
2005am,0.00841,32.3744,0.338325
2005am,0.00841,32.3945,0.331296
2005am,0.00841,32.335,0.337879
1997bp,0.00931,32.4198,0.425219
2019ein,0.00837,32.8616,0.327035
2002er,0.00853,32.799,0.368859
2002er,0.00853,32.7498,0.409525
2006D,0.00966,32.8914,0.286425
2006D,0.00966,32.8973,0.282867
2006D,0.00966,32.9159,0.285505
2013cs,0.01029,32.3353,0.401367
1999cp,0.00998,33.0399,0.268981
1999cp,0.00998,33.2135,0.253629
2002cr,0.00998,33.2309,0.251906
2002cr,0.00998,33.2469,0.254885
2002dj,0.01051,32.901,0.309548
2002dj,0.01051,32.8654,0.334488
1998es,0.00957,32.8029,0.35789
1998es,0.00957,32.9165,0.372831
PTF10icb,0.009,33.4753,0.372879
2009Y,0.0105,32.6457,0.409088
2009Y,0.0105,32.7458,0.360296
2009Y,0.0105,32.9015,0.334006
2013E,0.01042,32.7794,0.348547
1999ac,0.00979,32.9182,0.365223
1999ac,0.00979,32.9674,0.341878
2009an,0.00921,33.3378,0.306294
2009an,0.00921,33.2253,0.299086
2006bh,0.01042,33.2788,0.247952
2004S,0.0098,33.1236,0.317227
2021hpr,0.00958,33.0869,0.343916
2002dp,0.01049,33.3806,0.309009
2002dp,0.01049,33.2931,0.27457
1997do,0.01048,33.1081,0.364668
1997bq,0.00993,33.0683,0.324016
2008fv_comb,0.00993,33.1809,0.377969
ASASSN-16jf,0.0104,33.5709,0.314858
iPTF13ebh,0.01238,33.7337,0.342487
iPTF13ebh,0.01238,33.6369,0.29522
2010ko,0.01096,33.8347,0.353909
2013ex,0.01096,33.4336,0.283424
2013ex,0.01096,33.4947,0.325172
2009ab,0.01189,33.5833,0.281169
2011ao,0.01168,33.4974,0.301502
2001cz,0.01275,33.8783,0.346381
2009kk,0.01244,33.7023,0.266666
2010Y,0.01142,33.7403,0.254135
2008R,0.0126,33.8286,0.265115
2002ha,0.0122,33.708,0.24076
2002ha,0.0122,33.7246,0.250097
2009kq,0.01247,33.5874,0.26006
2009kq,0.01247,33.5178,0.26619
2001bt,0.01407,33.7492,0.416658
2001ep,0.01306,33.6365,0.287379
2001ep,0.01306,33.5028,0.331124
2013gy,0.01309,33.7355,0.239783
2013gy,0.01309,33.7607,0.28722
AT2017cfd,0.01222,33.5752,0.292564
2017cfd,0.01222,33.5673,0.284786
1999dq,0.01334,33.52,0.273536
1999dq,0.01334,33.4717,0.261601
2007hj,0.01288,33.9682,0.303693
2007hj,0.01288,33.9846,0.299399
2007hj,0.01288,33.9247,0.304606
2008hv,0.0136,33.797,0.277855
2008hv,0.0136,33.7683,0.232778
2008hv,0.0136,33.772,0.235755
1997E,0.01314,33.7649,0.288791
2007cv,0.01361,33.6741,0.345367
1992al,0.01434,33.6968,0.233531
1999dk,0.014,33.8053,0.288803
1999dk,0.014,33.6651,0.296207
ASASSN-16dn,0.01406,33.8206,0.250873
ASASSN-16la,0.01424,33.8444,0.265489
2005kc,0.01386,34.0187,0.307194
2005kc,0.01386,34.0249,0.352338
2007ca,0.01509,34.3366,0.370715
2007ca,0.01509,34.1781,0.396908
2007ca,0.01509,34.252,0.397235
2006N,0.01416,33.9078,0.240515
2006td,0.01504,34.1727,0.365029
2013gq,0.01457,33.7526,0.2163
2004eo,0.0142,33.8826,0.249316
2003gt,0.01422,33.9253,0.243928
2005bo,0.01503,33.7553,0.390506
2005bo,0.01503,33.7189,0.39282
2001fe,0.01448,33.8916,0.240694
2013fa,0.01429,33.7894,0.397352
2000dm,0.01472,34.0109,0.270222
PSNJ2043531,0.01449,34.1902,0.372674
2011df,0.01402,33.8524,0.277558
2005el,0.01483,33.974,0.229564
2005el,0.01483,33.9261,0.231708
2001cn,0.01509,33.8877,0.294985
2005de,0.01495,34.1793,0.26677
SN2017jl,0.01529,33.7706,0.30219
ASASSN-16ad,0.01522,34.0334,0.344305
ATLAS16cxr,0.01518,34.3426,0.372888
iPTF16auf,0.01566,34.0744,0.314862
2008bc,0.01572,34.0331,0.226465
2011im,0.01493,34.2732,0.34036
1999ej,0.01534,34.2581,0.272528
1999ej,0.01534,34.2112,0.258071
2001en,0.01534,33.9994,0.28632
2001en,0.01534,33.8852,0.313932
2001V,0.01592,33.7902,0.290577
2001V,0.01592,33.8072,0.290395
2008ec,0.01506,34.1732,0.264363
2008ec,0.01506,34.1302,0.33431
2008eo,0.01539,34.3317,0.278713
2009nq,0.01527,34.1657,0.28688
2005al,0.01629,33.9986,0.219937
2013hn,0.01629,34.0697,0.290382
2001bf,0.01556,33.9926,0.239289
2001bf,0.01556,33.9004,0.218994
ASASSN-15oh,0.01579,34.3916,0.270341
1994S,0.01619,34.0287,0.224824
1999aa,0.01579,34.1663,0.242893
1999aa,0.01579,34.1323,0.209471
2002cs,0.01538,34.0329,0.272511
iPTF14bdn,0.01636,34.1062,0.281582
2007ss,0.01619,34.4137,0.34637
2010kg,0.01595,33.9999,0.334729
2013fw,0.0157,34.1608,0.218117
2013Q,0.01612,33.9726,0.41528
iPTF13dge,0.01581,34.2793,0.261916
2007fs,0.01633,34.3408,0.198023
SN2016gfr,0.0163,33.8985,0.245383
ASASSN-16ip,0.01632,34.1679,0.246475
2007A,0.01646,34.4649,0.358327
2007A,0.01646,34.5341,0.341619
PSNJ0107203,0.01601,33.9673,0.284408
1998ef,0.0161,33.841,0.289311
1998ef,0.0161,33.8975,0.264562
ASASSN-15ti,0.01671,34.4894,0.310314
ASASSN-15od,0.01678,34.3409,0.228387
1996bv,0.01673,34.0755,0.297815
1997Y,0.01661,34.1973,0.214463
2001da,0.01658,34.022,0.308995
2001da,0.01658,34.2003,0.325329
ASASSN-15kx,0.01697,34.6084,0.219814
2000dk,0.01649,34.1436,0.28269
2000dk,0.01649,34.1517,0.257136
2007fb,0.0168,34.4009,0.221698
2007fb,0.0168,34.5101,0.231239
2006ef,0.01694,34.361,0.220285
2008C,0.01709,34.31,0.263557
2008C,0.01709,34.2669,0.262425
2004fz,0.01646,33.7799,0.330633
2006ax,0.01774,34.3228,0.200241
2006ax,0.01774,34.3133,0.19782
1998V,0.01718,34.1465,0.231417
2013gs,0.01748,34.2221,0.320412
2008L,0.01734,34.3364,0.210115
2008L,0.01734,34.2464,0.213428
2009le,0.01739,34.2939,0.246602
2009le,0.01739,34.2418,0.22287
2000dr,0.01765,34.2975,0.318912
2007as,0.01791,34.2661,0.234211
1992bo,0.01805,34.6078,0.20147
2010ai,0.01918,34.9792,0.21848
ASASSN-17co,0.01791,34.2005,0.280568
PS15coh,0.01796,34.4393,0.226901
2009gf,0.01925,34.492,0.255362
2009gf,0.01925,34.576,0.296243
2016ffh,0.01851,34.6171,0.238984
ATLAS16cpu,0.01851,34.5716,0.239989
2000cu,0.01902,34.6066,0.277471
2011fs,0.01822,34.5466,0.215514
2011fs,0.01822,34.4866,0.321023
ASASSN-16cs,0.01839,34.4286,0.281407
2006kf,0.01955,34.7747,0.195403
2006kf,0.01955,34.8085,0.195531
2008hs,0.01835,34.757,0.466611
2008hs,0.01835,34.7394,0.433516
2007au,0.01992,34.6865,0.406241
2016W,0.01855,34.3648,0.295725
2002kf,0.01948,34.6854,0.204275
1992bc,0.01976,34.5121,0.199486
2009ds,0.02033,34.5072,0.233893
2009ds,0.02033,34.702,0.19246
2006ej,0.01926,34.5995,0.188309
2006ej,0.01926,34.5012,0.295566
2006ej,0.01926,34.576,0.189903
2006ej,0.01926,34.6482,0.187832
2002jy,0.0187,34.9988,0.187715
2016hpw,0.02019,34.8165,0.241825
ATLAS16dqf,0.02019,34.5749,0.375822
2005ki,0.02066,34.5709,0.187708
2005ki,0.02066,34.5656,0.177716
2005ki,0.02066,34.4931,0.19075
ASASSN-15lg,0.02121,34.6552,0.214591
2001dl,0.01983,35.1263,0.375783
PSNJ1602512,0.02039,34.556,0.333904
2007st,0.02061,34.4168,0.217156
ASASSN-17bs,0.02014,34.5647,0.249505
2010A,0.02079,34.4863,0.330445
2003W,0.02087,34.674,0.230899
2003W,0.02087,34.6349,0.254511
2001br,0.02046,34.8118,0.300223
ASASSN-16lc,0.02001,34.6956,0.216494
AT2016eoa,0.01993,34.6693,0.230687
ASASSN-16lg,0.02093,34.375,0.203089
2004bw,0.02207,34.8194,0.196425
2008Z,0.02146,35.118,0.310686
2008Z,0.02146,35.2056,0.304103
2007bc,0.02187,34.7561,0.180584
2007bc,0.02187,34.7344,0.177177
2007bc,0.02187,34.7419,0.187753
SN2016ajf,0.01978,34.7627,0.339971
2009dc,0.02179,34.3468,0.19901
2018fop,0.02017,34.5899,0.199177
ASASSN-15uv,0.02104,34.6114,0.393324
ASASSN-18da,0.02157,34.7709,0.195863
2006et,0.0214,34.7583,0.283448
2006et,0.0214,34.7742,0.253646
1999dg,0.02263,34.8589,0.246447
2001cp,0.02245,34.9654,0.216973
1995ak,0.02193,34.6739,0.247785
2009na,0.02209,34.7477,0.199095
ASASSN-18iu,0.02202,34.8847,0.186029
ATLAS16dpb,0.02238,35.0481,0.288632
SNF20080514-002,0.02292,35.0136,0.216159
2006dm,0.02161,34.8059,0.18018
2006dm,0.02161,34.8234,0.25811
2008ia,0.02257,34.9245,0.169837
2004bg,0.02214,34.7727,0.199004
2004bg,0.02214,34.8704,0.204479
2002cu,0.02217,34.7814,0.224663
2006cp,0.02334,34.7714,0.302654
2006cp,0.02334,34.8603,0.24312
2000fa,0.02181,34.759,0.288719
2000fa,0.02181,34.7997,0.25527
ASASSN-16bn,0.02253,35.0392,0.214526
ASASSN-17aj,0.02253,34.7306,0.243141
AT2017cfb,0.02382,34.8438,0.220547
2006bq,0.02226,34.8693,0.2033
2002ef,0.02224,34.6849,0.358325
2010cr,0.02368,35.2685,0.304874
ASASSN-15il,0.02374,34.8584,0.20127
2000cn,0.0226,34.9992,0.267367
2000cn,0.0226,34.9712,0.237284
2017hoq,0.0235,34.985,0.19074
2009jb,0.02324,34.7666,0.340338
2014ai,0.02317,35.0225,0.271221
ASASSN-14fa,0.02262,34.883,0.27497
2004at,0.02287,34.9168,0.178524
PS15cku,0.02222,35.0537,0.229702
2007ci,0.02295,34.6478,0.266962
2007ci,0.02295,34.4301,0.279423
2009al,0.02328,34.9851,0.282579
2009al,0.02328,35.0081,0.221692
2009al,0.02328,34.9783,0.225403
2009cz,0.02315,34.8582,0.260273
2009cz,0.02315,34.8582,0.170636
ASASSN-15nr,0.02309,34.8331,0.263771
2004bk,0.02405,34.8391,0.21588
2018enc,0.0245,34.9998,0.217718
2007qe,0.0228,35.0406,0.206572
2007qe,0.0228,34.9509,0.259128
ATLAS17bas,0.02331,34.5715,0.261746
ASASSN-15tz,0.0222,34.9543,0.274039
2010ao,0.02422,34.943,0.2098
2006sr,0.02307,34.9949,0.180801
ASASSN-15jt,0.02396,34.889,0.403697
ASASSN-16em,0.02296,34.994,0.277383
2000ca,0.02454,34.8993,0.190331
1998eg,0.02358,35.1018,0.195014
PS1-14xw,0.02436,35.1049,0.31033
2010gp,0.02436,34.4711,0.398476
2000bh,0.02421,34.8782,0.224067
2007F,0.0242,34.9421,0.208286
2007F,0.0242,35.084,0.183555
1993H,0.0245,35.1803,0.232251
AT2016bln,0.02425,35.0771,0.195416
2006ac,0.02395,34.9871,0.184147
2006ac,0.02395,34.953,0.198064
ASASSN-15sf,0.02349,35.2317,0.235205
2005bg,0.02414,35.0102,0.201948
2009D,0.02476,35.008,0.162015
2009D,0.02476,35.0746,0.209952
2009D,0.02476,34.9493,0.170871
PS16ccn,0.02395,35.1784,0.189112
2008bf,0.02451,35.1061,0.235556
2008bf,0.02451,35.0521,0.231261
2008bf,0.02451,34.8898,0.233972
1994M,0.02426,34.9528,0.213795
2004br,0.02426,34.807,0.18246
ASASSN-16hz,0.02406,34.8112,0.317595
2003he,0.02404,35.0862,0.240547
2001cj,0.02491,35.1973,0.228493
Gaia16agf,0.02553,35.2152,0.268527
2007cq,0.02481,34.8369,0.288042
2007cq,0.02481,34.8482,0.181918
2003it,0.02413,35.079,0.205996
2007cq,0.02481,35.009,0.176889
AT2017cfc,0.02499,35.0276,0.190198
2011dn,0.02443,34.4583,0.333265
2007sw,0.025,34.9117,0.306484
2012bh,0.025,35.1989,0.238281
370356,0.025,35.2277,0.204374
2002he,0.02469,35.1139,0.15531
2002he,0.02469,35.1145,0.174825
2018jjd,0.02547,34.9842,0.185284
2002bf,0.02494,34.9441,0.240723
2002bf,0.02494,34.9063,0.269066
ASASSN-16bq,0.02582,35.1882,0.176701
PS15ahs,0.02522,35.1974,0.185937
PSNJ0153424,0.02474,35.1828,0.233724
SN2017hn,0.02492,35.0621,0.190177
1992ag,0.02592,34.7664,0.344692
SN2017ms,0.02538,35.1181,0.200181
PSNJ2352371,0.02525,35.4014,0.200491
2005M,0.02584,35.2931,0.179545
2005M,0.02584,35.1081,0.198242
2005M,0.02584,34.835,0.348314
SN2017mf,0.02618,35.3111,0.17873
2005mc,0.02597,35.2855,0.288909
2005mc,0.02597,35.3429,0.323231
ASASSN-15uu,0.02579,35.0223,0.372346
2005ms,0.02595,35.308,0.179587
1999gp,0.02603,35.2688,0.183373
1999gp,0.02603,35.2892,0.205883
ASASSN-15mf,0.02691,35.1184,0.181369
ASASSN-17at,0.02643,35.2513,0.18676
SNF20071021-000,0.0264,35.3224,0.216057
2013fn,0.02724,35.2892,0.298907
2002eb,0.02633,35.2673,0.172357
2007co,0.02655,35.3437,0.230789
2007co,0.02655,35.1118,0.346591
2007co,0.02655,35.227,0.261645
1992P,0.02643,35.313,0.220137
2007su,0.0266,35.3042,0.352852
ASASSN-15fa,0.02721,35.5236,0.225337
2005na,0.02717,35.113,0.172724
2005na,0.02717,35.1538,0.186856
2005na,0.02717,35.1117,0.170295
ASASSN-16av,0.02676,35.3467,0.289875
2006gj,0.0277,35.7258,0.321699
2010ii,0.02704,35.1306,0.184771
2006ev,0.02759,35.6739,0.216353
PSNJ0252467,0.02748,35.3613,0.190628
2009aa,0.02827,35.3174,0.173415
2011hb,0.02775,35.2874,0.292934
2005eq,0.02831,35.5061,0.163093
2005eq,0.02831,35.5563,0.160218
2005eq,0.02831,35.558,0.160985
2003U,0.02794,35.2665,0.177545
2009ad,0.02834,35.372,0.160301
2009ad,0.02834,35.3421,0.156527
2002el,0.02778,35.1049,0.181734
2008ar,0.02732,35.4368,0.180322
2008ar,0.02732,35.2913,0.178243
2008ar,0.02732,35.359,0.180243
AT2017ns,0.02802,35.1963,0.366604
2004gs,0.02829,35.5996,0.235009
SN2017ckx,0.02779,35.6596,0.251383
2007is,0.02953,35.3449,0.211378
2013bs,0.02859,35.4105,0.201911
1998ab,0.02806,34.9487,0.227749
1993ah,0.02828,35.2763,0.655117
2006qo,0.02871,35.4779,0.275376
ASASSN-15la,0.02845,35.0558,0.218663
1996C,0.02875,35.5152,0.250819
PS16cvc,0.02844,35.6948,0.183345
ASASSN-15fs,0.0285,35.2391,0.185823
2003ch,0.02895,35.6024,0.169987
ASASSN-16ay,0.02895,35.6222,0.299966
PSNJ0859349,0.02874,35.472,0.225755
ASASSN-16fs,0.0299,35.2761,0.180915
LSQ12gdj,0.02886,35.0939,0.272694
2000cw,0.02896,35.6079,0.224233
2002de,0.0305,35.3638,0.283742
ASASSN-16aj,0.03053,35.4654,0.177866
ASASSN-16br,0.029,35.5064,0.190895
AT2017zd,0.03048,35.2781,0.194122
ASASSN-16hh,0.02935,35.5015,0.190369
ATLAS17ajn,0.02988,35.5116,0.190788
Gaia16bba,0.02934,35.4354,0.185335
1997dg,0.02962,35.861,0.192522
2004ef,0.02978,35.5195,0.196088
2004ef,0.02978,35.4838,0.199296
2004ef,0.02978,35.4761,0.233488
ASASSN-15nq,0.03025,35.5185,0.166012
AT2017lm,0.03002,35.5542,0.216273
ASASSN-16fo,0.02994,35.4803,0.173804
ASASSN-16es,0.02973,35.5345,0.258248
AT2016cyt,0.02965,35.3586,0.164518
2013fy,0.03099,35.3522,0.343157
ASASSN-15uw,0.03004,35.6084,0.212671
ASASSN-16hr,0.0298,35.4648,0.278746
PS15cwx,0.03007,35.4164,0.184841
1990O,0.03093,35.4926,0.166476
2001ba,0.03136,35.6481,0.206672
2009eu,0.03072,35.9224,0.399302
2009fv,0.03072,35.406,0.332119
2009fv,0.03072,35.3374,0.375292
SNF20080909-030,0.03013,35.565,0.183722
2008gg,0.03107,35.67,0.236835
2008gg,0.03107,35.5409,0.184896
1999cc,0.03132,35.5877,0.169094
AT2017wb,0.03093,35.5304,0.283582
MASTEROTJ08,0.03156,35.6675,0.174531
2007bd,0.03141,35.4957,0.175954
2007bd,0.03141,35.5793,0.14868
2007bd,0.03141,35.4841,0.153803
2006bt,0.03241,35.772,0.224228
2006bt,0.03241,35.7428,0.226764
2006bt,0.03241,35.7867,0.216659
2006bw,0.03075,35.6231,0.320886
ASASSN-15hg,0.03107,35.6461,0.196214
ATLAS17axb,0.03264,35.5602,0.185563
2010gn,0.03123,35.9119,0.273901
CSS160428,0.03081,35.7017,0.164289
2000dn,0.03081,35.707,0.22057
2006en,0.03081,35.6474,0.19424
2006en,0.03081,35.6847,0.188076
2008bq,0.03279,35.7279,0.17805
ASASSN-16oz,0.03207,35.4592,0.276064
2006az,0.03158,35.4896,0.148675
010026,0.03174,35.6746,0.20211
AT2017po,0.03201,35.576,0.196814
2007ai,0.03212,35.8562,0.258808
2007ai,0.03212,35.8577,0.294619
2007ux,0.03183,35.8808,0.19004
2007ux,0.03183,35.6656,0.274525
ASASSN-15pr,0.03189,35.9082,0.198168
2008gl,0.03246,35.6638,0.156049
2008gl,0.03246,35.6366,0.169859
2008gl,0.03246,35.6431,0.148421
SN2016hpx,0.0337,35.6329,0.204026
SN2017cii,0.03337,35.8381,0.178659
2006te,0.03212,35.7248,0.15355
2006os,0.03212,35.7992,0.326022
2004as,0.0325,35.7324,0.22019
2004as,0.0325,35.8907,0.225741
ASASSN-16bc,0.03314,35.6164,0.168015
2008gp,0.03245,35.6643,0.150947
2008gp,0.03245,35.7268,0.162633
2010ag,0.03336,35.8159,0.198961
2005iq,0.03292,35.8647,0.150987
2005iq,0.03292,35.8516,0.143619
PS15bsq,0.03309,35.7797,0.159699
2004L,0.03344,35.829,0.273673
2003gn,0.03316,36.0229,0.243018
2003cq,0.03323,35.8276,0.259126
2006S,0.0331,35.9089,0.177213
2011dl,0.03432,35.7587,0.312966
2006gr,0.03352,35.9188,0.207416
2006gr,0.03352,35.9378,0.211316
ASASSN-16dw,0.03565,35.7837,0.217075
2007ba,0.03533,35.825,0.340606
ATLAS17ajs,0.0337,35.9757,0.358083
1996bl,0.03481,35.7348,0.155656
2003kc,0.0341,35.8566,0.205773
2003iv,0.03351,35.9118,0.165632
ASASSN-15jl,0.03492,35.8816,0.169326
1992bg,0.03574,35.8937,0.211664
2005eu,0.03369,35.8012,0.48333
2005eu,0.03369,35.8038,0.482057
2008at,0.03497,35.8349,0.334212
ASASSN-15tg,0.03445,35.861,0.1686
2007hu,0.03518,35.9905,0.374822
PTSS-16efw,0.03542,36.234,0.188455
2016fbk,0.03495,35.9591,0.225173
AT2016fbk,0.03495,36.1545,0.230318
1994T,0.03564,35.9325,0.204232
ASASSN-15mi,0.03501,35.5515,0.204326
ASASSN-15ss,0.03592,35.9909,0.187185
2001ck,0.03544,35.8586,0.223482
PS15bbn,0.03602,36.1845,0.187245
ASASSN-15lu,0.03577,36.0035,0.185251
2008hj,0.03643,35.9282,0.1566
2008hj,0.03643,35.8836,0.185109
2000dg,0.03725,36.0748,0.289284
2002G,0.03631,35.8056,0.308166
2002G,0.03631,35.9287,0.318471
2006mo,0.03616,36.0695,0.175025
2008ei,0.03654,36.08,0.336812
2002hu,0.03591,35.9637,0.166565
2000cf,0.03646,36.0475,0.166339
2001eh,0.03627,36.0067,0.135213
2001eh,0.03627,35.9927,0.149174
ASASSN-16db,0.03589,35.8698,0.18969
AT2016hns,0.03704,35.9789,0.163683
ASASSN-15bc,0.03639,35.949,0.262609
2007jg,0.03652,36.3333,0.171248
2007jg,0.03652,36.2185,0.171341
AT2016cvw,0.03761,36.0063,0.206656
2002eu,0.03672,36.0624,0.163008
2008gb,0.03641,36.0889,0.198876
2007O,0.03732,35.8938,0.151724
2007O,0.03732,35.8617,0.152703
2008fr,0.0379,36.1141,0.236153
SN2017ciy,0.03762,36.5177,0.245806
2008O,0.0394,36.2254,0.311188
2009bv,0.03748,36.2564,0.149974
2008051,0.03835,36.0125,0.17035
ASASSN-15np,0.03832,36.026,0.219507
2010dw,0.03871,36.0125,0.204712
ASASSN-15pn,0.038,36.1962,0.220822
1999aw,0.03928,36.2125,0.18352
2008dr,0.03996,36.284,0.147901
PS15cze,0.03891,36.5486,0.234635
2003fa,0.04015,36.0167,0.143473
2003fa,0.04015,36.0818,0.14498
SN2016glz,0.03975,35.9918,0.210464
PS16axi,0.04056,36.1263,0.168835
SN2017coa,0.04045,36.4104,0.307187
2009do,0.04027,36.0403,0.147245
2001az,0.04059,36.3153,0.150794
2007jh,0.04023,36.5601,0.280122
1992bl,0.0428,36.2101,0.208042
2014bj,0.04239,36.5106,0.426487
2006cf,0.04223,36.2931,0.151018
2006cz,0.04251,35.9138,0.29449
2007kk,0.0413,36.2521,0.175538
2007kk,0.0413,36.2071,0.166515
AT2016htm,0.04265,36.2018,0.162522
ASASSN-16ct,0.04252,36.2457,0.207056
SN2016ayg,0.04328,36.4165,0.166064
2007nq,0.04275,36.2137,0.152187
2007nq,0.04275,36.2882,0.166626
MASTERJ0134,0.04391,36.2594,0.177777
ASASSN-15mg,0.04307,36.3298,0.181208
AT2016cvv,0.04404,36.5469,0.231201
2005ku,0.04397,36.2916,0.249078
1992bh,0.0451,36.551,0.270525
2006gt,0.04366,36.5114,0.286272
2006hx,0.04429,36.4565,0.162334
PS16cqa,0.04433,36.6866,0.304921
PSNJ1204051,0.04502,36.4541,0.196266
2005hc,0.04496,36.4634,0.173532
2005hc,0.04496,36.5139,0.151933
SN2016esh,0.04488,36.1579,0.182756
PS17tn,0.04549,36.3811,0.196005
2008050,0.04627,36.2636,0.218105
AT2016ews,0.04612,36.5394,0.159223
2005lz,0.04541,36.3247,0.195021
360156,0.04673,36.5081,0.209562
2004gu,0.0467,36.4713,0.19409
2008cf,0.04692,36.4786,0.148197
2008cf,0.04692,36.4857,0.182928
AT2017yk,0.04764,36.7582,0.280677
2016afk,0.04677,36.5642,0.229149
PS16fa,0.04734,36.6009,0.161688
PS15aii,0.04768,36.5946,0.145385
PS17akj,0.0478,36.5627,0.208806
ATLAS16agv,0.04777,36.4976,0.165873
ASASSN-15pm,0.04777,36.3735,0.154741
1995ac,0.04867,36.3303,0.135835
AT2016gmg,0.04839,36.641,0.181462
1990af,0.05018,36.5997,0.202684
PS16el,0.04896,36.4691,0.176995
2006cq,0.04928,36.5828,0.168097
1993ag,0.05019,36.6402,0.244395
PS15asb,0.04952,36.4714,0.18553
1998dx,0.0498,36.5693,0.155812
PS16dnp,0.04998,36.8583,0.163226
2007kh,0.04944,36.5403,0.453411
ASASSN-17eb,0.0497,36.4621,0.201896
PS15brr,0.05063,36.5461,0.190961
2008hu,0.05071,36.7036,0.133364
AT2016cor,0.04995,36.8523,0.302557
PS16fbb,0.05139,36.8804,0.16836
2003ic,0.05196,36.393,0.201448
ASASSN-16hc,0.05165,36.5862,0.156832
1993O,0.05148,36.7759,0.228182
2006ot,0.05232,36.8679,0.208308
2006ot,0.05232,36.5433,0.298829
AT2016htn,0.05229,36.8411,0.218249
PS16evk,0.0532,36.9144,0.207509
PS16n,0.05268,36.7752,0.161766
2010dt,0.05291,36.8474,0.172204
2006lu,0.05449,36.8631,0.133817
PS16bby,0.0543,36.8327,0.178902
PS16ayd,0.05485,36.8581,0.149593
SN2017cpu,0.05529,36.6433,0.175423
490007,0.05513,36.8676,0.194374
AT2017oz,0.05641,36.8109,0.193162
2006py,0.05658,36.9098,0.185051
PS16aer,0.05668,37.0393,0.176308
2005hj,0.05631,36.9903,0.171451
2008eq,0.0568,37.0687,0.221323
2006ob,0.0576,36.9821,0.138149
2006ob,0.0576,36.9324,0.14674
SN2016gmb,0.05708,36.9545,0.182842
2001ah,0.05837,36.9802,0.215566
2001ah,0.05837,37.146,0.252804
LSQ13crf,0.05934,36.3001,0.617516
SN2017cjv,0.06079,37.032,0.17759
2008bz,0.0613,37.1631,0.123921
2008bz,0.0613,37.1925,0.16057
SN2016hhv,0.06067,37.1383,0.198009
2008go,0.06116,36.9608,0.196145
2008go,0.06116,36.9691,0.141986
2006oa,0.06142,37.0747,0.183316
1992bs,0.0637,37.3517,0.206518
SN2016aqb,0.06419,37.0197,0.155855
PS16bnz,0.06398,37.0786,0.154429
2007ae,0.06485,37.0851,0.153034
PS15cms,0.06603,37.3617,0.203312
6057,0.06652,37.1627,0.296189
SN2016ixf,0.06723,37.4237,0.194412
AT2016aj,0.06731,37.2344,0.203006
PS15bjg,0.06758,37.4935,0.190499
CSS160129,0.06841,37.2381,0.191221
2006al,0.06908,37.4213,0.159324
PTSS17-niq,0.0691,37.2817,0.174144
1993B,0.07076,37.2944,0.277681
2008Y,0.07028,37.2961,0.226908
2008Y,0.07028,37.2775,0.212322
PS17yt,0.07046,37.4787,0.176182
PS16em,0.07113,37.4814,0.447068
2006on,0.07068,37.4543,0.24781
470043,0.07061,37.7291,0.501827
ATLAS16bwu,0.07074,37.3712,0.228257
PS15bdr,0.07094,37.3552,0.196012
PS15bwh,0.07149,37.2494,0.16107
370566,0.07134,37.4155,0.208957
PS15mt,0.07193,37.5618,0.180815
2007jd,0.07196,37.6319,0.199695
PS15atx,0.07301,37.6225,0.304764
Gaia16aki,0.07398,37.5535,0.176502
1992ae,0.07478,37.4346,0.222054
PS17bii,0.07467,37.4501,0.192118
7876,0.0749,37.4763,0.179761
2005ir,0.0749,37.5656,0.154994
2010hs,0.07514,37.8142,0.289148
AT2016gsu,0.07529,37.5461,0.217171
370333,0.07557,37.6342,0.198325
PS15bif,0.07855,37.5715,0.150392
Gaia16acv,0.07833,37.8315,0.146078
17186,0.07849,38.0154,0.239252
2007hx,0.07849,38.0942,0.180119
560033,0.07869,37.5988,0.503338
12779,0.07891,37.7843,0.238199
PS15bzz,0.07901,37.53,0.147217
350316,0.07966,37.6003,0.157805
2005ag,0.08024,37.6668,0.119289
12950,0.08141,37.7215,0.219648
130308,0.08221,37.8192,0.217606
12898,0.08255,37.6774,0.265638
12781,0.08282,37.9939,0.195118
SN2016glp,0.08366,37.9686,0.221594
3592,0.08544,37.8406,0.128563
SN2016grz,0.08656,37.8484,0.21681
1241,0.08848,37.7772,0.253181
590194,0.09015,37.9202,0.21704
370066,0.09066,38.0269,0.167553
300105,0.09181,38.1602,0.266341
iPTF17dz,0.09284,38.2226,0.493293
010010,0.09968,38.4377,0.194713
160099,0.10142,38.2982,0.165557
000190,0.10237,38.4085,0.187412
140181,0.10231,38.2511,0.199553
100405,0.10298,38.1815,0.18625
13135,0.10338,38.3338,0.12638
20064,0.10351,38.2079,0.196456
13038,0.10485,38.4295,0.236183
18697,0.10638,38.2611,0.195537
20625,0.10684,38.4624,0.151122
3256,0.10694,38.4295,0.210466
120225,0.10728,38.7801,0.468541
21034,0.10751,38.4984,0.180059
500038,0.1081,38.4017,0.187108
7147,0.10886,38.4016,0.133183
020027,0.10988,38.5701,0.179741
18650,0.11243,38.6214,0.163201
18612,0.11365,38.3876,0.194923
8719,0.11628,38.5408,0.159897
5395,0.11635,38.6302,0.185742
2561,0.11741,38.5727,0.239635
16259,0.11771,38.6088,0.214419
1371,0.11797,38.4157,0.127058
000137,0.11878,38.5629,0.212381
5549,0.11992,38.5958,0.200195
12860,0.12042,38.7926,0.252257
490008,0.12067,38.6348,0.302627
19953,0.1219,38.5945,0.157915
390259,0.12208,38.6119,0.231142
18835,0.12262,38.6853,0.144584
2916,0.12303,38.5967,0.274641
16021,0.12336,38.6164,0.162163
13894,0.12356,38.8009,0.333367
570062,0.12363,38.8242,0.150324
6406,0.12377,38.6504,0.145797
19543,0.12384,38.835,0.221531
13044,0.12455,38.7616,0.12587
15459,0.12542,39.1417,0.298944
2992,0.12608,38.4956,0.293348
16069,0.12688,38.8125,0.259679
744,0.12694,38.6849,0.280884
14871,0.12705,38.7429,0.159508
18855,0.12716,38.7841,0.176913
22075,0.129,38.7547,0.150979
1032,0.12904,38.8403,0.212795
5751,0.12929,38.833,0.250442
18415,0.1294,38.8429,0.142748
18809,0.13153,38.802,0.134576
151034,0.13269,38.7841,0.122177
1334084,0.13349,38.8266,0.283718
15508,0.13353,38.8434,0.157696
14108,0.13463,39.2366,0.199357
15234,0.13514,39.0775,0.31333
000014,0.13599,38.9771,0.206627
17629,0.1364,38.8475,0.195569
19775,0.13687,39.0095,0.224296
18602,0.13696,38.9616,0.259136
21062,0.13729,39.3511,0.230391
17366,0.13811,38.8857,0.128482
15171,0.13818,38.9503,0.15974
190340,0.13824,39.0229,0.12425
20084,0.13834,39.0401,0.319084
12928,0.13868,38.9999,0.176022
190230,0.13864,39.0467,0.130742
090275,0.13959,39.0213,0.145767
1794,0.1407,39.1775,0.184019
17208,0.14084,39.2835,0.203514
340229,0.14108,39.0407,0.212429
1317666,0.1412,39.1237,0.260864
2635,0.14311,39.047,0.160602
17568,0.14335,39.5154,0.37065
190260,0.14344,39.1135,0.129494
17497,0.14388,39.0756,0.170594
8921,0.1441,39.016,0.24096
17605,0.14533,39.1518,0.210163
1296657,0.14624,39.1857,0.207408
440008,0.14656,39.158,0.187578
1316385,0.14741,39.0154,0.197495
13796,0.14729,38.9672,0.171803
14024,0.14759,39.134,0.188785
180166,0.14757,39.161,0.170177
1293758,0.14812,39.2285,0.184985
14437,0.14792,39.0382,0.157931
1255502,0.14819,39.0239,0.142683
13736,0.14882,39.1606,0.17494
2308,0.14923,39.1104,0.175216
000038,0.15036,39.1058,0.170038
460003,0.15067,39.1687,0.134119
2031,0.15186,39.0477,0.158769
18323,0.15272,39.3239,0.173198
15132,0.15304,39.2175,0.127754
18740,0.15317,39.0991,0.159928
19353,0.15325,39.2564,0.179373
16073,0.15339,39.3639,0.175468
5550,0.15493,39.2076,0.167881
16116,0.15509,39.278,0.157843
18030,0.15518,39.3994,0.175858
19940,0.15591,38.9704,0.179204
13354,0.15654,39.2087,0.210288
16206,0.15838,39.0794,0.163715
440042,0.15906,39.4267,0.283686
14782,0.15922,38.9503,0.143914
15425,0.15935,39.0908,0.143045
1299775,0.16009,39.0428,0.270648
3317,0.15991,39.2286,0.167715
2689,0.16036,39.2057,0.217053
390627,0.16045,39.4242,0.26036
5103,0.1606,39.2162,0.20927
120336,0.16134,39.3106,0.246322
17825,0.1622,39.3252,0.224064
19174,0.16357,39.2807,0.200998
3087,0.16431,39.2634,0.199319
19616,0.16455,39.3293,0.139452
20764,0.16478,39.3182,0.150918
20430,0.16593,39.4938,0.241887
12843,0.16595,39.1817,0.193496
12853,0.16817,39.2757,0.165826
350233,0.16935,39.5155,0.182871
17389,0.1696,39.6721,0.274897
12856,0.17029,39.4742,0.132684
590005,0.17137,39.5424,0.275502
310039,0.17156,39.4603,0.214715
19282,0.17239,39.5021,0.177409
1303279,0.17274,39.2676,0.152344
100090,0.17282,39.7263,0.252568
3080,0.17315,39.3871,0.131849
15897,0.17357,39.5403,0.18318
120143,0.1736,39.3493,0.151501
15648,0.17383,39.5986,0.318528
14421,0.174,39.5734,0.137128
16165,0.17405,39.3317,0.154309
5350,0.17431,39.5053,0.183971
15583,0.17427,39.5546,0.230974
19969,0.17428,39.4849,0.162645
18604,0.17483,39.7434,0.182014
14979,0.17654,39.5164,0.135467
17218,0.17697,39.5095,0.175623
14451,0.17729,39.4771,0.138264
17220,0.17769,39.3394,0.257355
370428,0.1778,39.6477,0.131546
5635,0.17839,39.9669,0.207864
6936,0.1789,39.641,0.157339
300179,0.17896,39.7672,0.201468
13045,0.17916,39.5355,0.229828
1347120,0.17955,39.5509,0.280575
2372,0.17959,39.5519,0.174634
1303496,0.17979,39.5962,0.208929
13254,0.1799,39.9979,0.268081
14284,0.18037,39.3688,0.13762
420159,0.18059,39.5035,0.133745
330023,0.18064,39.7166,0.179158
350548,0.18067,39.6391,0.133983
360112,0.18071,39.6151,0.246207
17215,0.1808,39.6213,0.207991
370595,0.18138,39.6585,0.225961
15443,0.18123,39.4868,0.134057
1339392,0.18148,39.3953,0.235174
17332,0.18203,39.5863,0.201062
1580,0.18216,39.5259,0.149858
1250017,0.18217,39.6885,0.152439
15453,0.18243,39.7821,0.177319
17391,0.18345,39.5995,0.294191
1257695,0.18383,39.68,0.151568
17168,0.18376,39.752,0.19743
20048,0.18388,39.796,0.218377
1296321,0.18444,39.9384,0.282465
15421,0.18443,39.7891,0.142656
8213,0.18468,39.6548,0.27682
15461,0.18482,39.613,0.134864
1336453,0.18492,39.7435,0.159325
6422,0.18501,39.6347,0.160441
16281,0.18507,39.5427,0.172189
370563,0.18538,39.7882,0.139358
15365,0.18651,39.7559,0.144508
18807,0.18714,39.7694,0.13671
5994,0.18801,39.7451,0.191467
12927,0.18892,39.4384,0.149571
16100,0.18893,39.8089,0.256269
1273127,0.18937,39.9359,0.228953
18787,0.18915,40.1408,0.200523
18749,0.18931,39.7413,0.209197
440643,0.18955,39.7624,0.238646
6304,0.18979,39.7286,0.224725
762,0.19009,39.8807,0.15799
20687,0.19026,39.6892,0.294972
2440,0.1903,39.9182,0.154841
16276,0.19397,39.7983,0.218857
2246,0.19422,39.8787,0.222002
20821,0.19534,40.1343,0.403955
1253920,0.19556,39.7111,0.156617
14984,0.19549,39.9082,0.195934
15674,0.19555,39.958,0.212325
000236,0.19602,39.7288,0.124812
15129,0.19611,39.7747,0.157962
1298893,0.19616,39.8397,0.254651
1334620,0.19624,39.8927,0.29342
13070,0.19719,39.8018,0.14158
18804,0.19726,39.6932,0.130873
1302058,0.19786,39.492,0.189171
15222,0.19801,39.7561,0.182544
1316431,0.19815,39.8879,0.174409
13370,0.19846,40.3246,0.238597
360145,0.1986,39.8881,0.211487
19658,0.19863,39.889,0.174502
18768,0.19892,40.0216,0.217638
110460,0.19956,39.8511,0.254227
500504,0.19948,39.6764,0.246154
560150,0.19957,39.8965,0.17155
19101,0.20062,39.6837,0.194976
470232,0.20068,39.9838,0.252956
370308,0.20074,39.7672,0.316127
590002,0.20139,39.8575,0.216953
13152,0.20216,39.6184,0.198124
19913,0.20237,39.9949,0.159703
6780,0.20268,39.8373,0.184965
14212,0.20308,39.9658,0.146626
15203,0.20314,39.8822,0.166845
16032,0.20318,39.9277,0.173799
7243,0.20323,39.9335,0.216127
15901,0.20368,39.9041,0.171481
18965,0.20454,39.8809,0.160012
110033,0.20471,39.8427,0.202322
17801,0.20515,40.1661,0.227714
15872,0.20549,39.8126,0.174944
1327978,0.20699,39.9225,0.279831
15201,0.20736,40.316,0.333666
1283373,0.20754,40.0725,0.148972
20376,0.20831,39.7299,0.272182
15467,0.20847,39.8758,0.146778
200132,0.20856,40.1034,0.239508
15259,0.20857,39.8639,0.197696
140152,0.20864,39.8798,0.15965
16482,0.20937,39.8413,0.262138
550154,0.21003,40.1479,0.148877
19149,0.21023,39.4543,0.186032
460105,0.21071,39.9632,0.223017
14157,0.21083,39.806,0.155718
18940,0.21099,39.9552,0.163264
1257366,0.21137,40.1415,0.266119
7847,0.2116,39.9676,0.230498
17811,0.21186,39.9136,0.194498
18927,0.21214,39.9374,0.243726
13305,0.21339,40.0218,0.16528
8495,0.21353,40.0084,0.19033
6933,0.21383,39.8874,0.197488
110567,0.21442,40.0179,0.298904
1249851,0.21511,39.8825,0.477887
14019,0.21513,40.4641,0.22943
1316,0.21566,40.2253,0.258716
100206,0.21653,39.8253,0.141535
17435,0.21674,40.0672,0.190384
7473,0.21677,40.0932,0.185301
20364,0.21729,40.1395,0.269611
13641,0.21781,39.9942,0.174837
1290816,0.21848,40.2216,0.204417
1304678,0.21884,40.1416,0.247596
9467,0.21885,40.1925,0.240729
5533,0.21887,40.1292,0.218822
1342255,0.21886,40.0296,0.130815
1302187,0.21943,40.0048,0.208962
15433,0.21935,40.1098,0.160031
000220,0.21982,40.0616,0.124319
18466,0.21967,40.0882,0.173376
14331,0.21976,40.2387,0.220195
19230,0.22005,39.9228,0.242946
7512,0.22055,40.1876,0.225274
15354,0.22069,40.0798,0.266821
370098,0.22141,40.0441,0.143254
480464,0.22141,40.0588,0.204756
1331123,0.22157,40.1937,0.166162
13025,0.22287,40.3257,0.281229
14846,0.22335,40.1511,0.167278
330083,0.22373,40.0162,0.172818
1304442,0.22451,40.1293,0.19721
550096,0.22451,39.9449,0.245775
1292560,0.22482,40.1126,0.160616
030066,0.22552,40.1491,0.174035
13727,0.22534,40.1329,0.188923
15229,0.22536,40.1856,0.197444
020096,0.22563,39.9865,0.175963
19992,0.22632,40.3912,0.201078
1315192,0.22714,40.097,0.228488
1315259,0.22806,40.2236,0.183395
180561,0.22853,40.1604,0.308241
13072,0.22917,40.2229,0.202405
3452,0.22967,40.1351,0.188066
21033,0.23006,40.1283,0.227444
000006,0.23044,40.3062,0.260109
040780,0.23066,40.0717,0.296847
19008,0.23075,40.1049,0.204707
360140,0.23083,40.2958,0.226289
17875,0.23111,40.3169,0.189753
430004,0.2315,40.201,0.226906
1302648,0.23171,40.0875,0.237265
1275946,0.23212,40.2045,0.159507
15369,0.23269,39.8341,0.180906
1292336,0.23356,40.1857,0.255059
350047,0.23364,40.4148,0.19637
1336687,0.23381,40.1788,0.292139
12971,0.23381,40.1389,0.214099
110536,0.23475,40.1912,0.32799
1279500,0.23471,40.2784,0.167703
1319366,0.23483,40.158,0.183242
1298281,0.23508,40.1629,0.275154
19341,0.23543,40.2336,0.214202
15287,0.2363,40.3805,0.155735
310574,0.23649,40.2636,0.156727
13511,0.23653,40.4674,0.193131
12881,0.23671,40.119,0.236651
16350,0.23684,40.2279,0.210237
1317277,0.23711,40.2245,0.203948
20768,0.23735,40.7365,0.305716
17884,0.23776,40.2317,0.172272
470008,0.23954,39.9059,0.208409
18486,0.23971,40.13,0.180786
510251,0.24004,40.3847,0.264226
580300,0.24072,40.4016,0.166736
510550,0.24106,40.3291,0.130654
460064,0.24153,40.1214,0.184136
17223,0.24151,40.172,0.261675
14481,0.24207,40.564,0.221356
20111,0.24267,40.4217,0.219858
480064,0.24271,40.5734,0.259119
20088,0.24316,40.2516,0.143114
13506,0.24341,40.538,0.306318
19023,0.24405,40.2956,0.242814
15466,0.24436,40.2064,0.221704
3377,0.24449,40.1263,0.186144
000174,0.24497,40.3336,0.209543
420407,0.24512,40.4957,0.181643
20039,0.24539,40.3582,0.219468
000010,0.24594,40.4318,0.167359
13835,0.24604,40.3473,0.149416
15219,0.24637,40.378,0.17135
12977,0.24643,40.2829,0.214739
05D3mq,0.24649,40.3907,0.15515
1334645,0.24701,40.1983,0.137434
3451,0.24835,40.203,0.17717
420087,0.24848,40.4912,0.215929
450082,0.24848,40.4276,0.195634
560152,0.24851,40.3657,0.261564
15161,0.24853,40.3256,0.178325
19990,0.24883,40.427,0.180619
120585,0.24899,40.3167,0.167358
3199,0.24961,40.6733,0.220606
16106,0.24973,40.2961,0.206796
15868,0.24974,40.3915,0.163714
520077,0.25004,40.5965,0.224495
390449,0.25008,40.3764,0.218218
13689,0.2503,40.4145,0.179616
5717,0.25037,40.5692,0.188725
500004,0.25052,40.3009,0.188277
16213,0.25077,40.3873,0.202604
17552,0.25191,40.4698,0.207347
310161,0.25247,40.4622,0.166497
9032,0.25249,40.4066,0.259149
000034,0.25319,40.3688,0.15705
17464,0.25345,40.0303,0.262822
5736,0.25394,40.4546,0.167762
1336480,0.25605,40.6458,0.194176
1112,0.25609,40.5593,0.271675
17340,0.25625,40.3729,0.207312
9457,0.25672,40.5023,0.251739
19207,0.25721,40.5776,0.249962
18325,0.25723,40.4941,0.193606
8046,0.2576,40.6088,0.22531
6108,0.258,40.528,0.231214
550041,0.25847,40.4663,0.209281
1297026,0.25855,40.51,0.149785
1303883,0.25911,40.5418,0.163699
1289664,0.25908,40.2879,0.178603
1335694,0.25912,40.4255,0.162943
12972,0.25935,40.5238,0.233841
1330426,0.25954,40.442,0.169977
020176,0.26051,40.5033,0.171288
370498,0.26086,40.6128,0.185932
15440,0.2613,40.447,0.207526
1337649,0.26151,40.4182,0.225542
2017,0.26162,40.6874,0.258941
19702,0.26162,40.681,0.233293
1253,0.26166,40.392,0.226027
13655,0.26173,40.6935,0.249126
18945,0.26187,40.7216,0.216893
13956,0.2629,41.2641,0.514634
520019,0.26309,40.6388,0.170092
04D3ez,0.26348,40.3997,0.177345
350235,0.26384,40.5588,0.167704
330022,0.26386,40.3035,0.205843
12983,0.26395,40.6342,0.381046
2943,0.26405,40.5074,0.238455
110478,0.26462,40.5153,0.197965
13099,0.26451,40.6719,0.256474
2422,0.2657,40.6087,0.219728
6315,0.26576,40.3244,0.206109
1334087,0.26629,40.2901,0.264978
18463,0.26687,40.5463,0.204902
1309288,0.26794,40.5103,0.202065
520023,0.26804,40.4623,0.232043
530037,0.2685,40.579,0.191142
06D3fp,0.26848,40.4553,0.240404
14298,0.26879,40.6039,0.217156
510638,0.27006,40.6363,0.197002
19002,0.2701,40.5089,0.164866
310051,0.27045,40.5139,0.20931
160039,0.27085,40.4887,0.166124
380378,0.27129,40.5677,0.123404
1292332,0.27265,40.5415,0.173203
15356,0.2734,40.4721,0.208686
420258,0.27444,40.7399,0.293068
100213,0.27511,40.7769,0.239421
150254,0.27508,40.5286,0.241865
20227,0.27574,40.6631,0.213576
19051,0.27619,40.6749,0.180061
4000,0.27656,40.8504,0.272235
4046,0.27764,40.6186,0.24474
1297465,0.27784,40.9187,0.17803
5957,0.27924,40.7037,0.164335
6196,0.2798,40.5056,0.19932
040201,0.27987,40.5664,0.153331
520188,0.28049,40.6663,0.153096
18485,0.28122,40.6224,0.174763
1317286,0.28198,40.5986,0.166629
06D3dt,0.28256,40.744,0.297355
15584,0.28333,40.6596,0.184378
310238,0.28395,40.5735,0.154134
14261,0.28436,40.5431,0.186562
16072,0.28434,40.6919,0.20709
17791,0.28468,41.1135,0.351325
440050,0.28547,40.7046,0.185989
350080,0.28577,40.671,0.173206
20040,0.28655,40.6389,0.217509
20245,0.28723,40.5691,0.250397
17809,0.28746,40.5379,0.238886
19128,0.28763,40.8753,0.227224
1334644,0.28806,40.7075,0.188011
1313594,0.28835,40.749,0.137848
091869,0.28843,40.7458,0.165419
2165,0.28882,40.9433,0.226038
2789,0.2889,40.7428,0.228497
1334597,0.28896,40.6763,0.168052
1310395,0.28899,40.702,0.277224
350180,0.28952,40.9765,0.256114
1289288,0.29001,40.7393,0.271437
570056,0.28998,40.7298,0.234493
19596,0.29036,40.7861,0.23085
19027,0.29114,40.484,0.219145
1291090,0.29199,40.7606,0.177707
1263715,0.29186,40.7653,0.172199
12841,0.29208,40.7505,0.483728
390264,0.29208,40.4229,0.292471
21006,0.29241,40.6378,0.228825
420414,0.29246,40.6952,0.224836
150509,0.2928,40.7458,0.174302
130755,0.29291,40.8268,0.203556
6249,0.29354,40.857,0.204834
1303004,0.29496,40.762,0.173778
19794,0.29568,41.0209,0.307913
580270,0.29576,40.9989,0.165779
1119,0.29639,40.9938,0.366054
13610,0.29683,40.6595,0.202621
1293319,0.29687,40.7505,0.210501
420196,0.29842,41.2705,0.232731
570025,0.29845,40.6539,0.272883
6137,0.29888,40.9195,0.25505
10550,0.29923,41.0113,0.341681
120444,0.29947,41.0213,0.195981
14735,0.29936,40.7335,0.186464
170428,0.30007,40.9837,0.198158
5391,0.30022,40.8795,0.247188
350078,0.30078,41.1729,0.294726
350192,0.3015,40.8585,0.191702
570022,0.30141,41.1086,0.206046
460037,0.30254,40.8894,0.22475
1339002,0.30296,40.8204,0.274703
150457,0.30339,40.9204,0.142521
7143,0.30354,41.0778,0.197526
1287626,0.30396,40.719,0.22209
19818,0.30395,40.7052,0.182517
1335717,0.30478,41.0411,0.242802
1259412,0.30477,40.9018,0.140115
12883,0.30519,40.5924,0.306711
350630,0.30525,40.9054,0.133839
440005,0.30551,41.0041,0.226225
350027,0.30568,40.9451,0.165493
560087,0.30641,40.8959,0.201565
340334,0.30668,41.16,0.239095
1281668,0.30697,40.9573,0.150058
520062,0.30805,41.2018,0.139651
5966,0.30822,40.9533,0.254065
1319821,0.30881,40.9954,0.152417
6699,0.30915,41.046,0.250639
5844,0.3093,40.9757,0.270379
16211,0.30939,41.0177,0.300429
21042,0.30955,40.72,0.257177
1300516,0.31043,40.6197,0.336421
15213,0.31053,40.9962,0.221391
500100,0.31077,41.046,0.182638
000420,0.31152,41.0123,0.141744
1338128,0.31185,41.0377,0.210925
1337838,0.31195,40.9503,0.160446
1263369,0.31252,40.9565,0.149709
1294743,0.31258,41.0352,0.279475
20142,0.31259,40.6239,0.2062
1283878,0.31287,41.0195,0.203499
1341894,0.31294,41.0061,0.176794
19632,0.31377,41.0228,0.214434
530112,0.31444,41.1251,0.155711
15383,0.31495,41.0194,0.227804
6649,0.31509,40.8837,0.219964
110716,0.31577,41.2033,0.233304
15776,0.31582,40.933,0.227638
6100,0.31613,41.1979,0.274091
100163,0.31773,41.0738,0.195921
1345553,0.31795,41.0772,0.167213
080646,0.31813,41.0199,0.153489
550059,0.31839,41.3345,0.327925
310188,0.31893,41.141,0.177674
440509,0.31892,40.8941,0.203876
170078,0.32089,41.2315,0.207296
330128,0.32095,40.9546,0.156373
1266657,0.32108,41.1921,0.293444
120085,0.32214,40.7271,0.199265
580104,0.32214,40.8628,0.158186
1261579,0.32214,40.8774,0.138773
7475,0.32265,40.9316,0.211904
05D2ab,0.32454,41.0699,0.126468
050291,0.32535,41.2273,0.193265
500301,0.3255,41.2625,0.255286
18617,0.3257,41.1639,0.271274
1305626,0.32573,41.0478,0.141716
1308326,0.32622,41.0504,0.157201
14456,0.32794,41.0002,0.171833
050303,0.32829,41.3079,0.308428
530219,0.32838,41.351,0.278699
430003,0.32843,40.934,0.295651
1337687,0.3287,41.0716,0.150485
1306073,0.32859,41.1,0.144172
6924,0.3286,40.9276,0.222195
1316465,0.3291,41.0566,0.165152
13934,0.32931,41.4109,0.310571
540163,0.32943,41.2391,0.162498
1301933,0.3296,41.1031,0.114803
13830,0.32985,40.8444,0.209813
120369,0.33055,41.2306,0.131607
1338675,0.33048,41.1674,0.214426
4241,0.33052,41.1689,0.23109
480184,0.3308,41.1586,0.239453
370394,0.3308,40.996,0.212048
03D1fc,0.33094,41.0098,0.137116
580235,0.33154,41.0301,0.218692
20106,0.33137,41.2335,0.285481
370344,0.33155,41.1012,0.166036
470041,0.33179,41.0149,0.143999
1306141,0.3324,40.977,0.159233
130862,0.3329,41.3299,0.201675
1309492,0.33353,41.0025,0.141896
1346956,0.33353,41.0366,0.176123
16093,0.33439,41.1204,0.23572
500511,0.3349,41.0251,0.171864
1346966,0.33513,41.0242,0.177927
1314897,0.33663,41.0367,0.18424
470015,0.33752,41.1678,0.278653
040782,0.33739,41.0098,0.23724
04D3kr,0.33753,41.1477,0.176101
1300912,0.3378,41.1537,0.233862
380318,0.33825,41.145,0.211242
580276,0.33851,41.1131,0.200412
1343337,0.339,41.0555,0.356511
04D3nh,0.34051,41.1737,0.192422
320258,0.3409,41.0587,0.1943
2533,0.34101,41.0641,0.255103
1336009,0.34176,41.2122,0.321008
1346387,0.34448,41.3081,0.152468
350606,0.3445,41.2914,0.299203
1329312,0.34479,41.2333,0.171671
470110,0.34547,41.2033,0.23021
03D1bp,0.34594,41.3318,0.136683
310090,0.34686,41.4163,0.370346
050301,0.34704,41.1174,0.244272
330089,0.34872,41.3721,0.218415
160198,0.34899,41.2499,0.158604
1258906,0.34918,41.282,0.206036
070955,0.3492,41.1406,0.157954
380279,0.34946,41.2033,0.168604
04D2mc,0.34957,41.005,0.226318
05D2ie,0.34956,41.3756,0.171432
440185,0.34952,41.1526,0.205831
20186,0.34957,41.4873,0.287684
1248677,0.35017,41.1867,0.147015
000196,0.35066,41.2342,0.163121
050296,0.35087,41.2532,0.161378
05D2hc,0.35157,41.4798,0.209505
120400,0.35156,41.3343,0.138963
160197,0.35361,41.3657,0.191944
05D2mp,0.35527,41.4647,0.223042
1688,0.35767,41.3574,0.291964
1334423,0.35791,41.3539,0.215252
04D3fk,0.35833,41.2423,0.215992
04D2fs,0.35858,41.1484,0.288995
1280217,0.35901,41.1532,0.305677
160070,0.35897,41.4429,0.171109
1307830,0.35949,41.4213,0.15447
050293,0.36005,41.187,0.191161
160126,0.36023,41.0791,0.230289
470244,0.36081,41.4328,0.197529
420417,0.36138,41.1159,0.288022
1294014,0.36272,41.2452,0.209997
1346137,0.36326,41.364,0.215101
560121,0.36491,41.4626,0.291566
100358,0.36613,41.136,0.226225
190209,0.36648,41.2327,0.155657
1308582,0.36705,41.2088,0.151911
350083,0.3678,41.2627,0.165575
04D1hd,0.36791,41.4699,0.158375
1343533,0.36844,41.5479,0.336428
1283936,0.36862,41.463,0.345551
15704,0.36952,41.4498,0.244353
18091,0.36977,41.2185,0.255045
510578,0.37012,41.3794,0.188778
04D2cf,0.37059,41.3759,0.163241
05D4bm,0.37051,41.3833,0.160025
13136,0.37046,41.6395,0.256631
05D3jr,0.37053,41.273,0.282407
390471,0.37053,41.0698,0.135854
320469,0.37087,41.4098,0.39052
1291957,0.37143,41.334,0.168104
000199,0.3716,41.3842,0.116639
05D4fo,0.3715,41.4289,0.165418
05D4cw,0.37351,41.3114,0.133039
16232,0.37426,41.4722,0.234786
1299643,0.37678,41.4155,0.15471
1282736,0.37798,41.3598,0.223183
590031,0.37859,41.4271,0.182401
7779,0.37986,41.2959,0.219919
320099,0.37989,41.4154,0.163795
500057,0.38052,41.4614,0.188044
110425,0.38083,41.4511,0.201434
1299785,0.38131,41.4549,0.20413
000011,0.3816,41.6775,0.218983
040150,0.38174,41.5615,0.198898
580275,0.3825,41.3726,0.265174
1343401,0.38284,41.3678,0.206585
1281886,0.38394,41.5182,0.20184
360139,0.38594,41.5217,0.152114
1338170,0.38677,41.3791,0.270807
550218,0.38735,41.5567,0.273474
050251,0.38772,41.6302,0.283892
420352,0.38886,41.383,0.199578
1290779,0.38951,41.544,0.192176
120086,0.39262,41.4742,0.237288
1291794,0.39512,41.4677,0.203648
1296273,0.39698,41.259,0.168535
1333438,0.39946,41.7119,0.28782
05D4ff,0.40048,41.4918,0.158339
110734,0.40212,41.4795,0.199524
580312,0.40286,41.5478,0.290402
1329615,0.40361,41.616,0.213828
06D3ed,0.40454,41.6747,0.166047
350050,0.40472,41.3373,0.202033
05D4dt,0.40547,41.7807,0.135518
1308314,0.40648,41.6914,0.168815
1341370,0.409,41.7002,0.240024
1306390,0.40911,41.7405,0.363654
450339,0.40927,41.7061,0.274957
06D4cq,0.40947,41.6784,0.172193
020090,0.40995,41.6836,0.279968
1307277,0.41114,41.662,0.318089
530251,0.41131,41.8335,0.242677
520071,0.41152,41.8131,0.149106
1315296,0.41258,41.7893,0.330128
04D2fp,0.41664,41.7295,0.149208
05D2dw,0.41864,41.6174,0.202099
440162,0.41927,41.6863,0.192599
550137,0.41931,41.4604,0.22264
1289600,0.41962,41.8662,0.224621
05D3cf,0.41956,41.7981,0.235757
1340454,0.41997,41.4394,0.294415
550202,0.42027,41.8343,0.344188
1306626,0.4209,41.6178,0.17643
110430,0.42085,41.728,0.250117
1306991,0.42199,41.5336,0.270821
04D4gg,0.42245,41.6483,0.231707
1345594,0.42242,41.6796,0.275449
490037,0.42355,41.5955,0.186465
160200,0.42349,41.8403,0.400817
1302523,0.42392,41.7264,0.13417
1312274,0.42451,41.7483,0.195831
1295027,0.42562,41.7039,0.195468
1258940,0.42594,41.7517,0.175449
050003,0.42689,41.813,0.229539
110542,0.42694,41.8348,0.198324
110719,0.42784,42.2757,0.23861
05D2cb,0.42865,41.8825,0.403543
440236,0.42888,41.6443,0.193398
1306029,0.42895,41.8266,0.250757
100101,0.42967,41.9219,0.19807
080723,0.43013,41.8354,0.165783
04D1rh,0.43487,41.7828,0.183674
06D4co,0.43544,41.5839,0.13365
000142,0.43673,42.0051,0.1818
1336008,0.43765,41.6253,0.16614
1333246,0.43774,41.882,0.356877
1310338,0.43883,41.4679,0.211194
560027,0.43883,41.6682,0.279961
050607,0.43926,41.8262,0.202784
040166,0.44004,42.1401,0.441915
510266,0.44059,41.6364,0.160177
1328105,0.44154,41.6823,0.183572
1295256,0.44246,41.8523,0.172891
06D3df,0.44254,41.9039,0.139699
06D2gb,0.44368,41.793,0.182219
1291080,0.44384,41.8069,0.290347
040137,0.44756,41.8552,0.223954
1328066,0.4489,41.8853,0.221814
1320166,0.44896,41.9875,0.215648
050580,0.4506,41.6446,0.157686
520016,0.451,41.9281,0.213431
04D2gb,0.45169,41.5892,0.225346
120094,0.45169,41.9923,0.154715
04D3gt,0.45155,41.7162,0.305385
1290127,0.45223,41.9959,0.320076
1253101,0.45333,41.7953,0.207786
1253039,0.45347,41.8863,0.14411
1334302,0.45463,41.7873,0.209236
1306360,0.45478,41.8839,0.284149
1345582,0.45878,41.9679,0.252185
380199,0.46055,42.0021,0.190943
510597,0.46098,42.0162,0.230251
05D3lc,0.46156,41.9839,0.138441
03D4au,0.46641,42.3424,0.396492
000215,0.4666,42.048,0.135922
04D4jr,0.4684,41.9733,0.206146
1339149,0.4688,41.7631,0.234035
04D4ju,0.47039,42.2151,0.404516
05D3mx,0.47057,42.0135,0.180637
370367,0.4717,41.9798,0.210913
1316437,0.47196,42.0374,0.25691
05D2bv,0.47572,41.938,0.177112
370329,0.47793,42.2269,0.228278
310146,0.47943,41.8695,0.203883
1306537,0.47948,42.0107,0.198987
560054,0.4798,41.8956,0.237796
05D3dd,0.48056,42.0041,0.160362
05D2ac,0.48071,41.9748,0.139221
120044,0.48171,42.3055,0.210887
05D1ix,0.48881,42.0842,0.199732
1292145,0.49246,42.2783,0.335403
1343208,0.49501,42.0821,0.165011
1305504,0.4956,42.1453,0.120919
03D1ax,0.49572,42.0817,0.153945
05D4af,0.49737,42.1268,0.225856
06D2bk,0.50073,42.257,0.253816
350374,0.5009,42.1165,0.283133
1337272,0.50276,42.161,0.218549
030006,0.50276,42.0703,0.312874
510457,0.503,42.1484,0.311282
03D1au,0.50309,42.1444,0.228687
1335472,0.50598,42.079,0.166703
1343759,0.50617,42.1043,0.151709
310091,0.50716,42.2358,0.180974
05D4av,0.50737,42.2419,0.288822
090201,0.50817,42.0193,0.184312
180313,0.51006,42.0945,0.144405
110484,0.51087,42.0583,0.239085
05D2dy,0.51175,42.3885,0.227281
04D1pg,0.5138,42.2567,0.35966
04D4in,0.51435,42.2259,0.196162
04D2mj,0.51475,42.3259,0.402924
1338430,0.51718,42.0932,0.190441
1334470,0.51876,42.1949,0.250421
310260,0.51879,42.1824,0.209558
450175,0.51943,42.2438,0.315111
06D3el,0.5196,42.2905,0.196455
04D2gc,0.52277,42.3496,0.273927
1295921,0.52393,42.1774,0.369236
1322229,0.52613,42.1702,0.223271
050005,0.52851,42.0855,0.188829
1322979,0.52939,42.2913,0.141023
330106,0.53091,41.8802,0.23431
160066,0.53105,42.5109,0.289268
1338471,0.53117,42.5253,0.38093
1337703,0.53226,41.9821,0.221979
06D2ca,0.53277,42.2472,0.294354
06D2cc,0.53377,42.1649,0.273819
05D4ek,0.53433,42.1433,0.225295
05D4be,0.53532,42.3205,0.204703
05D2eb,0.53578,42.2134,0.209507
1289656,0.53944,42.3338,0.244476
110426,0.54089,42.2791,0.233447
1324542,0.54154,42.53,0.24247
520041,0.5454,42.5633,0.191404
04D4bq,0.54832,42.0235,0.363222
1306980,0.54886,42.1695,0.378555
050201,0.55011,42.3253,0.19588
06D4bo,0.55031,42.3728,0.208456
1339450,0.55048,42.4104,0.376261
04D3hn,0.5526,42.1938,0.244151
06D2ck,0.5538,42.49,0.207133
1337117,0.55389,42.0827,0.177409
05D1ee,0.55775,42.4389,0.195189
05D1kl,0.55875,42.7331,0.3833
04D1hx,0.55875,42.2975,0.356215
1289555,0.56174,42.2937,0.227829
1303952,0.56263,42.6016,0.265242
05D1cc,0.56276,42.4296,0.234712
1285317,0.56441,42.3928,0.221111
1330903,0.5643,42.4881,0.207587
1338278,0.56431,42.3969,0.296515
05D1dn,0.56475,42.4873,0.19275
1317454,0.56883,42.2407,0.262337
1306785,0.57535,42.1912,0.452867
05D2dt,0.57583,42.5915,0.213158
050203,0.57609,42.4887,0.202103
06D3et,0.57661,42.4263,0.166843
1337228,0.57741,42.645,0.290949
03D4gf,0.57829,42.4174,0.24485
110721,0.57823,42.4512,0.241176
05D1dx,0.57875,42.4272,0.214391
1332059,0.57884,42.5317,0.231686
05D3jq,0.57959,42.3923,0.23116
05D3gp,0.5806,42.573,0.262496
03D1aw,0.58073,42.7061,0.239821
04D1jg,0.58294,42.5408,0.168029
05D4ej,0.58328,42.7974,0.186201
04D1kj,0.58375,42.4765,0.198486
04D1sa,0.58375,42.6489,0.184752
1338387,0.58382,42.4199,0.199369
05D1hm,0.58575,42.707,0.37297
05D4bf,0.58728,42.6241,0.203038
04D1oh,0.58873,42.5021,0.220032
03D4gg,0.59028,42.5156,0.248253
04D2mh,0.59184,42.4508,0.255828
05D3lr,0.6006,42.6116,0.278838
1338233,0.60149,42.7562,0.394779
05D4ef,0.60327,42.7503,0.2001
1335564,0.6062,42.6158,0.275076
03D4dy,0.60826,42.5904,0.228388
1302141,0.6088,42.4282,0.350327
1332413,0.60873,42.6179,0.230751
05D2he,0.60987,42.6876,0.321483
04D3do,0.61064,42.6686,0.184238
04D4an,0.61125,42.9049,0.247686
1295305,0.61171,42.701,0.16444
05D1ck,0.61571,42.7085,0.347272
1308957,0.61869,42.7164,0.388756
1335868,0.61942,42.6948,0.2753
000202,0.61988,42.7557,0.154862
04D3co,0.62063,42.6988,0.268136
04D2an,0.62188,42.5894,0.275623
03D4dh,0.62523,42.6577,0.215148
04D4fx,0.62723,42.585,0.244041
05D1cb,0.63071,42.6632,0.202856
05D2ci,0.63189,42.3111,0.32695
03D4at,0.63223,42.8493,0.323662
1330642,0.63392,42.5972,0.147609
04D1pu,0.63771,42.5298,0.442879
1343871,0.63787,42.8637,0.31082
05D4ag,0.63823,42.6594,0.367516
1337325,0.63866,42.7804,0.261646
1334879,0.63936,42.79,0.171844
05D2ec,0.6419,42.8476,0.256941
1308568,0.64305,42.3609,0.407842
04D3cy,0.64364,42.7992,0.309841
05D3ax,0.64363,42.8034,0.316528
05D3lb,0.64763,42.819,0.288435
1338266,0.64846,43.0397,0.272369
05D3kt,0.64863,42.7335,0.310678
1334707,0.64964,42.7805,0.149571
04D1sk,0.66207,42.9793,0.279772
05D3hs,0.66463,42.8698,0.233989
05D3mh,0.67065,43.0677,0.274795
03D1co,0.67767,43.2251,0.311797
05D2bt,0.68195,42.8376,0.239367
06D3cc,0.68365,43.1716,0.407734
04D4ic,0.68517,43.0166,0.366173
05D1ke,0.68867,42.8137,0.226508
1262715,0.68937,42.8535,0.15677
1262214,0.68937,43.0444,0.271991
06D3em,0.69065,42.9143,0.425857
03D4cz,0.69316,42.9162,0.318024
04D4ib,0.69716,42.9692,0.212738
06D4ba,0.69816,42.9671,0.342807
05D4bj,0.69916,42.9402,0.338462
05D4cq,0.69916,43.0691,0.215345
1335718,0.69933,43.1107,0.155898
05D2ck,0.69997,43.1147,0.29538
04D1si,0.70064,42.917,0.223194
04D4hu,0.70115,43.0968,0.261582
04D2iu,0.70197,42.8962,0.462713
05D2le,0.70198,43.0433,0.252753
05D3gv,0.71565,42.9944,0.245932
05D3jh,0.71867,42.8739,0.18843
1331993,0.71962,43.1638,0.204549
04D1aj,0.71964,42.97,0.342226
05D4ev,0.72013,43.1612,0.243162
06D3gh,0.72067,43.0459,0.305174
06D3do,0.72667,43.0811,0.248363
06D3bz,0.72767,43.008,0.257091
1304127,0.72861,43.005,0.283498
06D4bw,0.73012,42.9186,0.321961
1329166,0.73163,43.1799,0.196424
04D1pp,0.73362,42.9845,0.195902
04D2gp,0.734,43.22,0.388289
05D2fq,0.73501,43.2537,0.224615
05D1eo,0.73562,43.1807,0.25711
05D2ct,0.73602,43.1675,0.425639
05D3jk,0.73668,42.992,0.21489
04D2ja,0.74202,43.4813,0.32514
04D3fq,0.74269,43.0825,0.327179
05D3jb,0.74566,43.1675,0.195179
04D2kr,0.74613,42.9817,0.25474
04D4im,0.7491,42.9396,0.262488
1285160,0.74932,43.1772,0.163225
04D3ks,0.75068,42.9012,0.318716
05D2nt,0.75904,43.2469,0.233153
05D3mn,0.76069,43.0667,0.201161
05D4cn,0.76108,43.1767,0.236628
05D1if,0.76159,43.131,0.239872
04D1qd,0.7656,43.2369,0.225434
04D1de,0.7666,43.4224,0.250162
05D3hh,0.76668,43.3623,0.27025
04D4id,0.76707,43.5587,0.25715
04D1pc,0.7686,43.2929,0.311675
1329196,0.76933,43.2168,0.162741
05D4bi,0.77308,43.3568,0.295081
1325358,0.77931,43.0395,0.311092
05D4cs,0.78806,43.3042,0.232049
03D4fd,0.78905,43.3837,0.271177
1309749,0.78929,43.1995,0.165559
04D1ks,0.79656,42.9026,0.372096
03D1fq,0.79858,43.4338,0.288144
Elvis,0.83973,43.36,0.211845
Spock,0.83973,43.2012,0.390423
Manipogo,0.85474,43.6168,0.299913
Vilas,0.93577,43.5331,0.239939
Ombo,0.97424,44.1111,0.201519
SCP05D0,1.01236,44.1177,0.367085
Eagle,1.0198,44.2757,0.225903
Ferguson,1.02081,43.9706,0.47547
Strolger,1.02781,44.5364,0.353385
SCP06U4,1.04819,44.4229,0.488758
Gabi,1.12085,44.4405,0.22363
SCP06H5,1.23223,44.3207,0.610496
Lancaster,1.23589,44.905,0.273735
Aphrodite,1.29912,44.8641,0.275291
Thoth,1.30412,44.7206,0.316517
Inanna,1.30612,45.0197,0.445162
SCP05D6,1.31311,44.7867,0.316349
washington,1.32911,44.8745,0.238344
Borg,1.34093,44.7541,0.306395
SCP06G4,1.35134,44.5492,0.31846
Mcguire,1.3561,44.8094,0.238282
Sasquatch,1.39096,44.7944,0.374345
SCP06K0,1.41631,44.4579,0.735776
carter,1.54295,45.0902,0.371014
Primo,1.54903,45.293,0.233771
rutledge,1.61499,45.1595,0.333024
geta,1.69702,45.2863,0.38048
stone,1.80111,45.4865,0.281981
wilson,1.9116,45.4233,0.358642
colfax,2.2613,46.1828,0.281309
